<?xml version="1.0" encoding="UTF-8"?>
<project-private xmlns="http://www.netbeans.org/ns/project-private/1">
    <editor-bookmarks xmlns="http://www.netbeans.org/ns/editor-bookmarks/2" lastBookmarkId="0"/>
    <open-files xmlns="http://www.netbeans.org/ns/projectui-open-files/2">
        <group>
            <file>file:/C:/xampp/htdocs/projects/jeevandaan/application/views/cm/pages/fa_bargraph.php</file>
            <file>file:/C:/xampp/htdocs/projects/jeevandaan/application/controllers/cm.php</file>
            <file>file:/C:/xampp/htdocs/projects/jeevandaan/resources/jdadmin_assets/version2.css</file>
            <file>file:/C:/xampp/htdocs/projects/jeevandaan/application/views/cm/pages/dashboard.php</file>
            <file>file:/C:/xampp/htdocs/projects/jeevandaan/application/views/cm/layout/inner_template.php</file>
        </group>
    </open-files>
</project-private>
